{"stats":{"minecraft:crafted":{"minecraft:dark_oak_planks":24,"minecraft:crafting_table":1,"minecraft:stick":8,"minecraft:wooden_pickaxe":1,"minecraft:wooden_axe":1},"minecraft:custom":{"minecraft:time_since_rest":4596,"minecraft:crouch_one_cm":1090,"minecraft:play_time":4596,"minecraft:sprint_one_cm":12942,"minecraft:walk_one_cm":7275,"minecraft:sneak_time":246,"minecraft:jump":52,"minecraft:time_since_death":4596,"minecraft:walk_on_water_one_cm":273,"minecraft:total_world_time":4596,"minecraft:fall_one_cm":627,"minecraft:interact_with_crafting_table":2,"minecraft:fly_one_cm":13704},"minecraft:used":{"minecraft:wooden_axe":4,"minecraft:crafting_table":1},"minecraft:mined":{"minecraft:grass":2,"minecraft:spruce_log":17,"biomesoplenty:sprout":1,"minecraft:dark_oak_log":18,"minecraft:crafting_table":1},"minecraft:picked_up":{"minecraft:crafting_table":1,"minecraft:stick":6,"biomesoplenty:orange_autumn_sapling":12,"minecraft:cooked_chicken":1,"minecraft:spruce_sapling":7,"minecraft:spruce_log":17,"minecraft:dark_oak_log":18}},"DataVersion":3465}