{"stats":{"minecraft:killed_by":{"hordes:zombie_player":1,"minecraft:zombie_villager":2,"minecraft:zombie":1},"minecraft:crafted":{"minecraft:wooden_sword":1,"minecraft:oak_planks":72,"minecraft:crafting_table":2,"minecraft:stick":20,"minecraft:wooden_pickaxe":2,"minecraft:wooden_axe":2,"minecraft:dark_oak_planks":24},"minecraft:killed":{"hordes:zombie_player":4,"minecraft:zombie_villager":6},"minecraft:custom":{"minecraft:time_since_rest":1883,"minecraft:sprint_one_cm":46456,"minecraft:damage_taken":1070,"minecraft:walk_one_cm":25687,"minecraft:mob_kills":11,"minecraft:damage_dealt":2170,"minecraft:swim_one_cm":143,"minecraft:interact_with_crafting_table":5,"minecraft:fly_one_cm":44284,"minecraft:open_barrel":4,"minecraft:crouch_one_cm":2214,"minecraft:play_time":16596,"tombstone:undead_killed":10,"minecraft:deaths":4,"minecraft:sneak_time":1015,"minecraft:walk_under_water_one_cm":2532,"minecraft:jump":252,"minecraft:walk_on_water_one_cm":5452,"minecraft:time_since_death":2332,"minecraft:total_world_time":16596,"minecraft:fall_one_cm":3654},"minecraft:used":{"minecraft:dark_oak_planks":10,"minecraft:wooden_axe":23,"minecraft:oak_planks":3,"minecraft:wooden_sword":33,"minecraft:crafting_table":4,"minecraft:spruce_log":3},"minecraft:mined":{"minecraft:dark_oak_log":18,"minecraft:spruce_log":17,"minecraft:crafting_table":4,"minecraft:grass":3,"minecraft:oak_log":18,"biomesoplenty:sprout":2},"minecraft:picked_up":{"minecraft:wooden_axe":3,"minecraft:stick":36,"minecraft:crafting_table":7,"minecraft:wooden_pickaxe":3,"biomesoplenty:orange_autumn_sapling":36,"minecraft:knowledge_book":8,"minecraft:oak_log":18,"minecraft:spruce_sapling":21,"minecraft:spruce_log":48,"tombstone:gift":1,"minecraft:dark_oak_log":42,"alexsmobs:animal_dictionary":2,"minecraft:dark_oak_planks":10,"minecraft:rotten_flesh":2,"minecraft:apple":6,"minecraft:wheat_seeds":2,"minecraft:iron_ingot":6,"minecraft:cooked_chicken":3,"minecraft:gold_ingot":6,"minecraft:glistering_melon_slice":6,"minecraft:iron_nugget":4,"minecraft:oak_sapling":24,"minecraft:oak_planks":56}},"DataVersion":3465}