{"stats":{"minecraft:killed_by":{"minecraft:zombie_villager":2,"minecraft:zombie":3,"hordes:zombie_player":1},"minecraft:crafted":{"minecraft:wooden_sword":1,"minecraft:oak_planks":72,"minecraft:crafting_table":2,"minecraft:wooden_pickaxe":2,"minecraft:stick":20,"minecraft:wooden_axe":2,"minecraft:dark_oak_planks":24},"minecraft:killed":{"hordes:zombie_player":4,"minecraft:zombie_villager":6,"minecraft:skeleton":10,"minecraft:zombie":15,"minecraft:fox":1,"minecraft:drowned":1},"minecraft:custom":{"minecraft:mob_kills":41,"minecraft:interact_with_crafting_table":5,"minecraft:open_barrel":4,"minecraft:damage_dealt_resisted":1334,"minecraft:time_since_death":1320,"minecraft:climb_one_cm":144,"minecraft:damage_resisted":39,"minecraft:time_since_rest":152,"minecraft:sprint_one_cm":57355,"minecraft:damage_absorbed":120,"minecraft:damage_taken":2030,"minecraft:walk_one_cm":52651,"minecraft:drop":1,"minecraft:damage_dealt":2851,"tombstone:cast_on_ally":0,"minecraft:swim_one_cm":143,"minecraft:fly_one_cm":103024,"minecraft:open_chest":2,"minecraft:crouch_one_cm":2787,"minecraft:play_time":28596,"tombstone:undead_killed":36,"minecraft:deaths":6,"minecraft:sneak_time":1441,"minecraft:walk_under_water_one_cm":2532,"minecraft:jump":376,"minecraft:walk_on_water_one_cm":5913,"minecraft:total_world_time":28596,"minecraft:fall_one_cm":5092},"minecraft:used":{"minecraft:knowledge_book":34,"minecraft:oak_planks":3,"runecraft_metals_of_gielinor:runite_armor_gold_trimmed_chestplate":1,"minecraft:cooked_chicken":1,"minecraft:golden_apple":3,"minecraft:crafting_table":5,"runecraft_metals_of_gielinor:runite_armor_gold_trimmed_helmet":1,"minecraft:spruce_log":3,"minecraft:wooden_axe":23,"minecraft:dark_oak_planks":10,"runecraft_metals_of_gielinor:runite_armor_gold_trimmed_leggings":1,"minecraft:wooden_sword":50,"alexsmobs:animal_dictionary":2,"plushies:parrot_plushie":1,"tombstone:scroll_of_unstable_intangibility":6},"minecraft:mined":{"minecraft:dark_oak_log":18,"minecraft:crafting_table":4,"croptopia:blackbean_crop":1,"biomesoplenty:sprout":2,"minecraft:spruce_log":17,"minecraft:grass":4,"minecraft:oak_log":18,"minecraft:oak_leaves":1},"minecraft:dropped":{"alexsmobs:animal_dictionary":1},"minecraft:picked_up":{"minecraft:wooden_axe":3,"minecraft:crafting_table":7,"minecraft:wheat":2,"minecraft:chainmail_boots":1,"minecraft:wooden_pickaxe":3,"biomesoplenty:orange_autumn_sapling":36,"minecraft:chainmail_chestplate":1,"minecraft:knowledge_book":8,"minecraft:oak_log":18,"tombstone:gift":1,"minecraft:flint_and_steel":2,"minecraft:bone":7,"minecraft:apple":6,"minecraft:wheat_seeds":2,"minecraft:iron_ingot":6,"minecraft:cooked_chicken":3,"minecraft:iron_nugget":4,"minecraft:oak_planks":56,"minecraft:iron_boots":1,"minecraft:stick":36,"simplehats:hatbag_common":4,"croptopia:blackbean":1,"croptopia:blackbean_seed":1,"minecraft:spruce_sapling":21,"tombstone:grave_dust":7,"minecraft:spruce_log":48,"minecraft:dark_oak_log":42,"alexsmobs:animal_dictionary":2,"minecraft:leather_helmet":1,"minecraft:dark_oak_planks":10,"minecraft:arrow":8,"minecraft:rotten_flesh":16,"minecraft:glistering_melon_slice":6,"minecraft:gold_ingot":6,"minecraft:chainmail_helmet":1,"tombstone:magic_scroll":1,"minecraft:oak_sapling":24}},"DataVersion":3465}