{"stats":{"minecraft:used":{"minecraft:shield":2,"minecraft:iron_sword":147,"minecraft:iron_chestplate":1,"minecraft:skeleton_spawn_egg":22,"minecraft:carrot":1,"runecraft_metals_of_gielinor:runite_mace":11,"minecraft:bow":10,"minecraft:egg":1,"minecraft:potato":8,"regions_unexplored:silver_birch_log":3,"minecraft:chorus_fruit":1,"minecraft:oak_planks":9,"croptopia:radish":2,"minecraft:stone_pickaxe":239,"minecraft:wooden_pickaxe":35,"runecraft_metals_of_gielinor:adamantite_mace":794,"minecraft:cookie":2,"minecraft:golden_apple":1,"regions_unexplored:larch_slab":8,"croptopia:orange":4,"minecraft:bread":16,"morevanillashields:glass_shield":40,"croptopia:blackberry":1,"croptopia:bellpepper":1,"minecraft:andesite":1,"quark:birch_chest":25,"minecraft:stone_sword":1049,"minecraft:cooked_salmon":5,"regions_unexplored:maple_planks":37,"minecraft:torch":40,"minecraft:dirt":3,"runecraft_metals_of_gielinor:iron_mace":36,"croptopia:raspberry":1,"minecraft:wooden_axe":11,"minecraft:spawner":44,"travelersbackpack:snow":2,"minecraft:barrel":2,"travelersbackpack:ocelot":17,"regions_unexplored:larch_planks":13,"tombstone:gift":8,"minecraft:cooked_beef":11,"minecraft:knowledge_book":382,"minecraft:cooked_mutton":1,"regions_unexplored:peat_dirt":2,"minecraft:spruce_sign":4,"minecraft:oak_slab":17,"minecraft:crafting_table":11,"croptopia:sweetpotato":2,"tombstone:bag_of_seeds":4,"regions_unexplored:larch_trapdoor":10,"minecraft:apple":44,"minecraft:warped_trapdoor":3,"deep_dark_regrowth:plasma_axe":5,"minecraft:suspicious_stew":2,"minecraft:iron_pickaxe":219,"tombstone:magic_scroll":7,"minecraft:stone_axe":109,"minecraft:cobblestone":102,"minecraft:cooked_porkchop":3,"minecraft:pumpkin_pie":1,"quark:oak_chest":2,"regions_unexplored:larch_sign":1},"minecraft:custom":{"minecraft:interact_with_crafting_table":53,"minecraft:open_barrel":179,"minecraft:eat_cake_slice":7,"minecraft:leave_game":4,"minecraft:time_since_death":59511,"minecraft:damage_resisted":400,"minecraft:sprint_one_cm":541062,"minecraft:damage_blocked_by_shield":2145,"minecraft:drop":96,"minecraft:play_time":371205,"minecraft:deaths":15,"minecraft:jump":3597,"minecraft:walk_on_water_one_cm":73534,"minecraft:interact_with_furnace":4,"minecraft:sleep_in_bed":1,"minecraft:damage_dealt":117944,"minecraft:player_kills":1,"minecraft:crouch_one_cm":35936,"tombstone:undead_killed":2018,"minecraft:mob_kills":2112,"minecraft:interact_with_campfire":7,"minecraft:damage_dealt_resisted":553,"minecraft:climb_one_cm":11444,"minecraft:walk_one_cm":794718,"minecraft:sneak_time":11409,"minecraft:walk_under_water_one_cm":12633,"minecraft:total_world_time":371205,"minecraft:time_since_rest":59372,"minecraft:damage_taken":10544,"minecraft:swim_one_cm":131092,"minecraft:fly_one_cm":855942,"minecraft:open_chest":539,"minecraft:fall_one_cm":70773},"minecraft:killed":{"minecraft:spider":4,"minecraft:skeleton":1993,"minecraft:wolf":1,"minecraft:creeper":2,"minecraft:zombie":25,"minecraft:mooshroom":1,"minecraft:ghast":1,"alexsmobs:fly":1},"minecraft:broken":{"minecraft:stone_pickaxe":1,"minecraft:stone_sword":8,"morevanillashields:glass_shield":1},"minecraft:mined":{"croptopia:bellpepper_crop":1,"croptopia:greenbean_crop":1,"regions_unexplored:maple_planks":1,"regions_unexplored:maple_log":40,"regions_unexplored:larch_planks":6,"minecraft:grass_block":3,"travelersbackpack:ocelot":2,"minecraft:polished_blackstone_pressure_plate":1,"minecraft:chiseled_stone_bricks":1,"minecraft:spawner":2,"minecraft:iron_ore":2,"minecraft:barrel":2,"minecraft:dirt_path":1,"minecraft:iron_bars":1,"regions_unexplored:larch_log":126,"regions_unexplored:silt_grass_block":1,"minecraft:torch":5,"regions_unexplored:peat_grass_block":6,"minecraft:chest":1,"minecraft:cobblestone":30,"minecraft:oak_planks":2,"minecraft:wall_torch":7,"regions_unexplored:pine_log":65,"minecraft:chain":1,"minecraft:birch_log":107,"biomesoplenty:fir_log":171,"runecraft_metals_of_gielinor:tin_ore":3,"minecraft:grass":5,"quark:birch_chest":3,"minecraft:oak_log":81,"regions_unexplored:peat_dirt":12,"minecraft:dirt":16,"minecraft:diamond_ore":1,"travelersbackpack:snow":1,"minecraft:spruce_leaves":1,"minecraft:hay_block":29,"minecraft:carrots":2,"regions_unexplored:larch_slab":4,"minecraft:andesite":129,"regions_unexplored:larch_leaves":1,"minecraft:mossy_stone_brick_stairs":2,"minecraft:bookshelf":5,"minecraft:cobblestone_slab":1,"regions_unexplored:red_maple_leaves":1,"minecraft:vine":1,"regions_unexplored:medium_grass":7,"minecraft:warped_trapdoor":3,"regions_unexplored:orange_maple_leaf_pile":1,"minecraft:stone":219,"croptopia:sweetpotato_crop":1,"minecraft:crafting_table":6,"minecraft:tall_grass":1,"minecraft:diorite":31,"minecraft:coarse_dirt":2,"minecraft:sweet_berry_bush":1,"minecraft:gray_bed":1,"minecraft:coal_ore":38,"biomesoplenty:fir_leaves":1,"regions_unexplored:silver_birch_log":11,"minecraft:gravel":16,"minecraft:fern":6,"minecraft:warped_slab":2},"minecraft:picked_up":{"simplehats:babydolphin":1,"simplehats:cat_on_head":1,"minecraft:iron_chestplate":3,"simplehats:eyeholder_beeholder":2,"minecraft:chainmail_boots":3,"regions_unexplored:larch_planks":6,"simplehats:hatbag_rare":90,"simplehats:popehat":1,"regions_unexplored:silt_dirt":2,"simplehats:mimic_head_dark":1,"simplehats:dipper":1,"regions_unexplored:maple_planks":1,"simplehats:round_purple_wig":1,"minecraft:string":3,"simplehats:stinkycheeseman":1,"simplehats:triangleshades":1,"simplehats:sausage":1,"simplehats:fez":1,"simplehats:topcathat":1,"simplehats:lilbow":1,"simplehats:pohatoe":3,"regions_unexplored:pine_log":60,"regions_unexplored:larch_log":186,"simplehats:beanie":3,"minecraft:warped_slab":2,"wstweaks:fragment":4,"minecraft:golden_helmet":1,"simplehats:druid_antlers_rare":1,"minecraft:stick":98,"simplehats:bucket":3,"simplehats:dwarfminerbeard":1,"minecraft:torch":14,"croptopia:blackberry_seed":2,"minecraft:porkchop":2,"simplehats:lightning_eyes":1,"simplehats:druid_antlers":1,"simplehats:rainboworbiters":1,"tombstone:grave_dust":300,"minecraft:diorite":31,"minecraft:golden_chestplate":4,"simplehats:nyan_doll":1,"minecraft:stone_sword":1,"simplehats:rgbsunglasses":1,"simplehats:crown":1,"minecraft:rotten_flesh":25,"simplehats:flies":1,"simplehats:swimmer":1,"simplehats:supersandhat":1,"croptopia:raspberry_seed":2,"travelersbackpack:chicken":1,"simplehats:paypay":1,"simplehats:teddy_bear":2,"supplementaries:quiver":19,"simplehats:beehat":1,"minecraft:iron_bars":1,"minecraft:cobblestone":246,"minecraft:birch_log":45,"minecraft:leather_chestplate":3,"simplehats:discoball":1,"simplehats:frozenhead":1,"minecraft:cooked_beef":5,"croptopia:radish":2,"minecraft:andesite":129,"minecraft:golden_leggings":5,"simplehats:circular_glasses":2,"biomesoplenty:fir_sapling":56,"biomesoplenty:fir_log":171,"simplehats:tophat":1,"minecraft:flint":1,"travelersbackpack:ocelot":4,"simplehats:octodad":1,"simplehats:kirbymouthful":1,"minecraft:warped_trapdoor":3,"minecraft:dirt":20,"minecraft:lantern":1,"simplehats:sleepeyemask":1,"simplehats:hatbag_epic":49,"minecraft:leather_boots":5,"simplehats:magikarp":3,"minecraft:bone":2593,"croptopia:sweetpotato":3,"minecraft:bow":22,"minecraft:wheat_seeds":4,"croptopia:bellpepper":1,"simplehats:camera":1,"simplehats:elfhat":1,"simplehats:hatbag_uncommon":156,"simplehats:toptophathat":1,"minecraft:oak_planks":1,"minecraft:mossy_stone_brick_stairs":2,"simplehats:twilight_doll":1,"simplehats:redstache":2,"simplehats:mindflayer":1,"minecraft:cooked_porkchop":2,"simplehats:alien_antennae":1,"regions_unexplored:pine_sapling":9,"croptopia:blackberry":1,"simplehats:beetle_on_head":1,"regions_unexplored:larch_slab":4,"simplehats:rgbsmallbowler":1,"simplehats:summerhat":1,"minecraft:barrel":2,"simplehats:mindflayer_alhoon":1,"simplehats:headshot":2,"minecraft:bundle":45,"simplehats:foxhat":1,"simplehats:the_noisier":1,"minecraft:diamond":1,"minecraft:polished_blackstone_pressure_plate":1,"simplehats:policebucket":2,"croptopia:radish_seed":3,"minecraft:emerald":2,"minecraft:chainmail_helmet":7,"minecraft:oak_sapling":32,"minecraft:chorus_fruit":1,"simplehats:rgbbowler":2,"simplehats:apple":1,"simplehats:rgbfullhelm":1,"minecraft:crafting_table":6,"minecraft:coarse_dirt":2,"croptopia:peach":9,"minecraft:leather_leggings":7,"minecraft:brown_mushroom":64,"croptopia:sweetpotato_seed":1,"simplehats:rgbushanka":2,"simplehats:poofballrgb":1,"simplehats:mohawk":1,"simplehats:bowler":1,"minecraft:chain":1,"relics:leather_belt":2,"simplehats:tomato_splats":2,"croptopia:bellpepper_seed":2,"regions_unexplored:orange_maple_sapling":2,"simplehats:bandana":1,"simplehats:baseballhat":1,"simplehats:raincloud":1,"simplehats:tvhead":1,"minecraft:beef":3,"simplehats:greenbirb":1,"minecraft:iron_nugget":8,"simplehats:traffic_cone":1,"simplehats:vikinghatbeard":1,"minecraft:chest":1,"minecraft:birch_sapling":5,"minecraft:egg":2,"minecraft:raw_iron":2,"simplehats:hatbag_common":202,"croptopia:greenbean_seed":2,"simplehats:alienphil":3,"simplehats:amalgalichhat":1,"simplehats:cowboyrgb":1,"simplehats:the_noise":2,"quark:birch_chest":3,"minecraft:carrot":7,"travelersbackpack:snow":2,"simplehats:horsemask":1,"simplehats:sport_sunglasses":1,"minecraft:arrow":2511,"regions_unexplored:maple_sapling":7,"simplehats:spadesoldier":2,"minecraft:hay_block":30,"simplehats:largehorns":1,"minecraft:gold_ingot":5,"simplehats:eevee_ears":1,"tombstone:essence_of_undeath":9,"simplehats:cowboy":1,"regions_unexplored:peat_dirt":17,"minecraft:air":121,"minecraft:leather":1,"runecraft_metals_of_gielinor:raw_tin":3,"minecraft:oak_log":81,"simplehats:beret_ribbon":2,"minecraft:chainmail_chestplate":3,"minecraft:golden_boots":1,"minecraft:gunpowder":4,"simplehats:dragonskull":1,"simplehats:doctorhat":1,"minecraft:apple":75,"simplehats:dragonhead":1,"croptopia:raspberry":1,"regions_unexplored:larch_sapling":42,"tombstone:bag_of_seeds":27,"simplehats:tanuki_leaf":1,"simplehats:dimmahat":2,"minecraft:gray_bed":1,"regions_unexplored:orange_maple_leaf_pile":5,"simplehats:villagernose":2,"minecraft:book":15,"regions_unexplored:larch_sign":1,"simplehats:tinkerhat":2,"simplehats:chi_ears":1,"minecraft:sweet_berries":6,"minecraft:chiseled_stone_bricks":1,"minecraft:gravel":23,"simplehats:slime_cube_dnd":2,"simplehats:cheeseslice":1,"simplehats:lil_bows":1,"simplehats:round_red_wig":1,"simplehats:rgbdrinkinhat":4,"minecraft:spider_eye":1,"simplehats:halo":1,"minecraft:leather_helmet":3,"simplehats:fullironhelm":1,"simplehats:binky":1,"simplehats:rubbernipple":2,"simplehats:pog":1,"croptopia:orange":26,"regions_unexplored:silver_birch_log":10,"minecraft:chainmail_leggings":2,"simplehats:thumbnail":1,"simplehats:carrotonstick":2,"regions_unexplored:maple_log":28,"tombstone:magic_scroll":48,"simplehats:acornhat":1,"minecraft:coal":41,"minecraft:wooden_axe":1},"minecraft:crafted":{"minecraft:oak_planks":36,"quark:birch_chest":22,"regions_unexplored:maple_planks":84,"regions_unexplored:larch_planks":480,"minecraft:glass":3,"minecraft:iron_boots":1,"morevanillashields:glass_shield":1,"minecraft:crafting_table":5,"minecraft:wooden_pickaxe":2,"minecraft:iron_helmet":1,"minecraft:birch_planks":180,"minecraft:stick":28,"quark:oak_chest":2,"minecraft:iron_pickaxe":1,"minecraft:stone_sword":8,"croptopia:knife":1,"runecraft_metals_of_gielinor:iron_mace":1,"minecraft:furnace":1,"minecraft:stone_pickaxe":3,"minecraft:iron_sword":1,"regions_unexplored:larch_trapdoor":12,"minecraft:stone_axe":2,"minecraft:air":0,"regions_unexplored:pine_planks":16,"minecraft:wooden_axe":2,"minecraft:iron_leggings":1,"regions_unexplored:larch_slab":12,"minecraft:torch":48},"minecraft:dropped":{"minecraft:brown_mushroom":64,"minecraft:leather":1,"minecraft:leather_helmet":2,"regions_unexplored:maple_planks":1,"minecraft:dirt":3,"relics:leather_belt":2,"croptopia:sweetpotato_seed":1,"regions_unexplored:maple_log":7,"croptopia:mustard_seed":1,"travelersbackpack:ocelot":1,"minecraft:iron_nugget":8,"alexsmobs:animal_dictionary":1,"minecraft:rotten_flesh":25,"regions_unexplored:maple_sapling":7,"croptopia:greenbean_seed":2,"regions_unexplored:larch_sapling":2,"minecraft:leather_chestplate":1,"regions_unexplored:peat_dirt":8,"minecraft:gunpowder":1,"minecraft:leather_boots":2,"minecraft:leather_leggings":1,"call_of_yucutan:chili_pepper_seeds":3,"minecraft:egg":1,"minecraft:bread":1,"minecraft:wheat_seeds":1,"minecraft:knowledge_book":6,"minecraft:apple":1,"regions_unexplored:pine_sapling":9,"minecraft:chainmail_helmet":1,"minecraft:stick":16,"croptopia:kale_seed":1,"regions_unexplored:orange_maple_sapling":2,"minecraft:torch":5,"minecraft:wooden_axe":3,"croptopia:peanut_seed":4,"tombstone:grave_dust":7,"minecraft:string":1,"minecraft:sweet_berries":3,"minecraft:coarse_dirt":1,"minecraft:stone_sword":1,"minecraft:raw_iron":2,"croptopia:raspberry_seed":2,"croptopia:radish_seed":5,"minecraft:pumpkin_seeds":3,"croptopia:bellpepper_seed":2,"runecraft_metals_of_gielinor:raw_tin":3,"supplementaries:quiver":2,"croptopia:currant_seed":7,"minecraft:andesite":9,"minecraft:oak_sapling":17,"minecraft:spider_eye":1,"minecraft:wooden_pickaxe":2,"regions_unexplored:orange_maple_leaf_pile":5,"regions_unexplored:silt_dirt":2,"simplehats:beanie":3},"minecraft:killed_by":{"minecraft:ghast":1,"minecraft:wither_skeleton":1,"minecraft:zombie":6,"minecraft:husk":1,"minecraft:skeleton":3}},"DataVersion":3465}