{"stats":{"minecraft:killed":{"minecraft:spider":2,"minecraft:zombie_horse":1,"minecraft:skeleton":16,"naturalist:butterfly":1,"minecraft:sheep":4,"minecraft:pillager":3,"minecraft:goat":1,"minecraft:zombie":6,"alexsmobs:fly":1,"minecraft:enderman":1},"minecraft:killed_by":{"minecraft:player":1,"minecraft:skeleton":8},"minecraft:used":{"minecraft:stone_sword":285,"minecraft:stone":13,"regions_unexplored:maple_planks":32,"minecraft:torch":31,"minecraft:dirt":2,"minecraft:tuff":3,"minecraft:glass":12,"minecraft:wooden_axe":18,"minecraft:polished_blackstone_brick_wall":1,"minecraft:stone_bricks":5,"minecraft:hay_block":1,"minecraft:furnace":1,"tombstone:gift":2,"minecraft:knowledge_book":57,"minecraft:leather_leggings":1,"minecraft:cobblestone_stairs":1,"minecraft:chorus_fruit":1,"minecraft:stone_pickaxe":122,"minecraft:oak_planks":5,"minecraft:wooden_pickaxe":8,"biomesoplenty:fir_planks":157,"minecraft:leather_boots":1,"minecraft:white_wool":1,"minecraft:golden_apple":1,"minecraft:sand":1,"minecraft:crafting_table":4,"minecraft:red_bed":3,"minecraft:white_bed":1,"minecraft:light_gray_concrete":7,"minecraft:bread":33,"minecraft:string":1,"travelersbackpack:white_sleeping_bag":1,"minecraft:leather_helmet":1,"minecraft:stone_axe":61,"minecraft:cobblestone":1,"minecraft:white_banner":1},"minecraft:dropped":{"minecraft:bread":14,"minecraft:wheat_seeds":1,"minecraft:lapis_lazuli":1,"minecraft:dark_prismarine_slab":1,"minecraft:knowledge_book":8,"regions_unexplored:silver_birch_sapling":1,"minecraft:polished_blackstone_brick_wall":1,"biomesoplenty:fir_sapling":13,"minecraft:cobblestone_stairs":1,"minecraft:dirt":7,"minecraft:gold_nugget":9,"minecraft:diorite_slab":1,"minecraft:bone":1,"minecraft:bricks":1,"minecraft:sweet_berries":12,"minecraft:stone_sword":1,"minecraft:coarse_dirt":1,"minecraft:tuff":6,"minecraft:warped_sign":1,"regions_unexplored:silver_birch_log":1,"biomesoplenty:fir_planks":2,"minecraft:andesite":4,"minecraft:stone_brick_wall":1,"minecraft:oak_sapling":2,"croptopia:peach":2,"minecraft:wooden_pickaxe":1,"minecraft:egg":6},"minecraft:custom":{"minecraft:mob_kills":39,"minecraft:interact_with_crafting_table":15,"minecraft:open_barrel":123,"minecraft:bell_ring":1,"minecraft:eat_cake_slice":3,"minecraft:leave_game":5,"minecraft:time_since_death":5427,"minecraft:climb_one_cm":285695,"minecraft:damage_resisted":68,"minecraft:sprint_one_cm":284671,"minecraft:walk_one_cm":178556,"minecraft:drop":51,"minecraft:talked_to_villager":1,"minecraft:play_time":105943,"minecraft:deaths":10,"minecraft:sneak_time":6007,"minecraft:walk_under_water_one_cm":1867,"minecraft:jump":1880,"minecraft:walk_on_water_one_cm":8444,"minecraft:total_world_time":105943,"minecraft:interact_with_furnace":5,"tombstone:raider_killed":3,"minecraft:tune_noteblock":2,"minecraft:sleep_in_bed":9,"minecraft:time_since_rest":3754,"minecraft:damage_taken":4881,"minecraft:damage_absorbed":40,"minecraft:damage_dealt":7833,"minecraft:swim_one_cm":15403,"minecraft:fly_one_cm":463387,"minecraft:open_chest":41,"minecraft:crouch_one_cm":17747,"tombstone:undead_killed":23,"minecraft:fall_one_cm":53693,"minecraft:inspect_dispenser":2,"minecraft:horse_one_cm":318915},"minecraft:mined":{"minecraft:light_blue_stained_glass_pane":2,"minecraft:tuff":20,"croptopia:greenbean_crop":1,"regions_unexplored:maple_planks":7,"regions_unexplored:maple_log":80,"minecraft:cobblestone_stairs":2,"minecraft:grass_block":10,"minecraft:stone_brick_wall":2,"minecraft:redstone_wire":2,"regions_unexplored:maple_leaves":11,"minecraft:spruce_leaves":1,"minecraft:moss_block":1,"minecraft:spawner":1,"minecraft:hay_block":43,"minecraft:diorite_slab":1,"minecraft:raw_iron_block":17,"minecraft:andesite":4,"minecraft:light_gray_concrete":9,"minecraft:white_banner":1,"minecraft:stone":44,"minecraft:iron_block":2,"minecraft:white_wool":1,"minecraft:redstone_block":1,"minecraft:red_bed":2,"minecraft:polished_blackstone_brick_wall":2,"croptopia:sweetpotato_crop":2,"minecraft:chiseled_quartz_block":2,"biomesoplenty:fir_planks":47,"minecraft:tall_grass":2,"minecraft:cobblestone":5,"minecraft:cyan_bed":1,"minecraft:oak_planks":1,"minecraft:bricks":1,"minecraft:light_gray_stained_glass":2,"minecraft:stone_brick_stairs":1,"biomesoplenty:fir_log":95,"minecraft:dark_prismarine_slab":1,"minecraft:grass":15,"minecraft:oak_log":17,"minecraft:sand":1,"minecraft:dirt":29,"minecraft:dispenser":1,"minecraft:stone_bricks":6},"minecraft:broken":{"minecraft:stone_sword":1,"minecraft:leather_leggings":1},"minecraft:crafted":{"minecraft:oak_planks":20,"regions_unexplored:maple_planks":84,"minecraft:furnace":1,"minecraft:glass":12,"travelersbackpack:white_sleeping_bag":1,"minecraft:stone_pickaxe":2,"minecraft:wheat":369,"minecraft:diamond_axe":1,"minecraft:crafting_table":4,"minecraft:wooden_pickaxe":1,"minecraft:stone_axe":1,"minecraft:bread":125,"minecraft:air":0,"biomesoplenty:fir_planks":316,"regions_unexplored:pine_planks":8,"minecraft:white_wool":3,"minecraft:stick":16,"minecraft:wooden_axe":1,"minecraft:stone_sword":3,"minecraft:white_bed":1,"minecraft:torch":32},"minecraft:picked_up":{"minecraft:coarse_dirt":1,"minecraft:wheat":1,"minecraft:redstone_block":1,"simplehats:hatbag_rare":1,"croptopia:peach":18,"minecraft:leather_leggings":1,"minecraft:stone_brick_wall":1,"minecraft:diorite_slab":1,"regions_unexplored:maple_planks":6,"minecraft:knowledge_book":4,"minecraft:string":2,"minecraft:red_bed":3,"regions_unexplored:pine_log":2,"biomesoplenty:fir_planks":26,"minecraft:egg":6,"minecraft:stone":5,"minecraft:stick":56,"simplehats:hatbag_common":1,"croptopia:greenbean_seed":2,"tombstone:grave_dust":2,"minecraft:redstone":2,"minecraft:stone_sword":2,"minecraft:arrow":8,"minecraft:rotten_flesh":1,"regions_unexplored:maple_sapling":29,"minecraft:hay_block":42,"minecraft:iron_block":2,"minecraft:warped_sign":1,"minecraft:mutton":8,"minecraft:cobblestone":49,"minecraft:white_wool":5,"minecraft:andesite":4,"minecraft:chiseled_quartz_block":2,"biomesoplenty:fir_sapling":13,"biomesoplenty:fir_log":111,"minecraft:tuff":15,"minecraft:oak_log":17,"minecraft:cobblestone_stairs":2,"minecraft:dirt":37,"minecraft:white_banner":2,"minecraft:bone":2,"minecraft:apple":22,"minecraft:stone_bricks":5,"minecraft:wheat_seeds":6,"minecraft:cooked_chicken":1,"minecraft:oak_planks":2,"regions_unexplored:silver_birch_sapling":1,"quark:light_gray_shard":3,"minecraft:raw_iron_block":17,"minecraft:sand":106,"minecraft:spruce_sapling":1,"minecraft:cyan_bed":1,"minecraft:spider_eye":2,"minecraft:light_gray_concrete":7,"minecraft:dark_prismarine_slab":1,"minecraft:dispenser":1,"minecraft:lever":1,"regions_unexplored:silver_birch_log":24,"croptopia:greenbean":1,"regions_unexplored:maple_log":75,"minecraft:bread":1,"minecraft:chainmail_helmet":1,"minecraft:polished_blackstone_brick_wall":2,"minecraft:oak_sapling":10,"minecraft:chorus_fruit":1,"minecraft:bricks":1}},"DataVersion":3465}