{"stats":{"minecraft:killed":{"minecraft:spider":2,"minecraft:zombie_horse":1,"minecraft:skeleton":4,"naturalist:butterfly":1,"minecraft:sheep":4,"minecraft:goat":1,"minecraft:zombie":6,"alexsmobs:fly":1,"minecraft:enderman":1},"minecraft:custom":{"minecraft:mob_kills":24,"minecraft:interact_with_crafting_table":10,"minecraft:open_barrel":85,"minecraft:bell_ring":1,"minecraft:eat_cake_slice":3,"minecraft:leave_game":2,"minecraft:time_since_death":38310,"minecraft:climb_one_cm":6203,"minecraft:sprint_one_cm":219727,"minecraft:walk_one_cm":124094,"minecraft:drop":27,"minecraft:talked_to_villager":1,"minecraft:play_time":63900,"minecraft:deaths":5,"minecraft:sneak_time":3903,"minecraft:walk_under_water_one_cm":1698,"minecraft:jump":1440,"minecraft:walk_on_water_one_cm":7610,"minecraft:total_world_time":63900,"minecraft:interact_with_furnace":5,"minecraft:sleep_in_bed":4,"minecraft:time_since_rest":10131,"minecraft:damage_taken":2543,"minecraft:damage_absorbed":40,"minecraft:damage_dealt":3309,"minecraft:swim_one_cm":13514,"minecraft:fly_one_cm":351175,"minecraft:open_chest":34,"minecraft:crouch_one_cm":14630,"tombstone:undead_killed":11,"minecraft:fall_one_cm":36825,"minecraft:horse_one_cm":248667},"minecraft:used":{"minecraft:stone_sword":54,"regions_unexplored:maple_planks":22,"minecraft:torch":31,"minecraft:tuff":3,"minecraft:glass":12,"minecraft:wooden_axe":18,"minecraft:polished_blackstone_brick_wall":1,"minecraft:stone_bricks":5,"minecraft:hay_block":1,"minecraft:furnace":1,"tombstone:gift":2,"minecraft:knowledge_book":10,"minecraft:leather_leggings":1,"minecraft:cobblestone_stairs":1,"minecraft:stone_pickaxe":93,"minecraft:chorus_fruit":1,"minecraft:oak_planks":5,"minecraft:wooden_pickaxe":8,"biomesoplenty:fir_planks":157,"minecraft:leather_boots":1,"minecraft:golden_apple":1,"minecraft:sand":1,"minecraft:crafting_table":3,"minecraft:bread":25,"travelersbackpack:white_sleeping_bag":1,"minecraft:leather_helmet":1,"minecraft:stone_axe":61,"minecraft:cobblestone":1},"minecraft:crafted":{"minecraft:oak_planks":20,"regions_unexplored:maple_planks":44,"minecraft:furnace":1,"minecraft:glass":12,"travelersbackpack:white_sleeping_bag":1,"minecraft:stone_pickaxe":1,"minecraft:wheat":369,"minecraft:diamond_axe":1,"minecraft:crafting_table":3,"minecraft:wooden_pickaxe":1,"minecraft:stone_axe":1,"minecraft:bread":125,"minecraft:air":0,"biomesoplenty:fir_planks":316,"regions_unexplored:pine_planks":8,"minecraft:stick":8,"minecraft:wooden_axe":1,"minecraft:stone_sword":1,"minecraft:torch":32},"minecraft:dropped":{"minecraft:wheat_seeds":1,"minecraft:lapis_lazuli":1,"minecraft:dark_prismarine_slab":1,"regions_unexplored:silver_birch_sapling":1,"minecraft:polished_blackstone_brick_wall":1,"biomesoplenty:fir_sapling":13,"minecraft:cobblestone_stairs":1,"minecraft:dirt":7,"minecraft:gold_nugget":9,"minecraft:diorite_slab":1,"minecraft:bone":1,"minecraft:bricks":1,"minecraft:sweet_berries":12,"minecraft:coarse_dirt":1,"minecraft:tuff":6,"minecraft:warped_sign":1,"regions_unexplored:silver_birch_log":1,"biomesoplenty:fir_planks":2,"minecraft:andesite":4,"minecraft:stone_brick_wall":1,"minecraft:oak_sapling":2,"croptopia:peach":2,"minecraft:wooden_pickaxe":1,"minecraft:egg":5},"minecraft:mined":{"minecraft:tuff":20,"croptopia:greenbean_crop":1,"regions_unexplored:maple_planks":7,"regions_unexplored:maple_log":80,"minecraft:cobblestone_stairs":2,"minecraft:stone_brick_wall":2,"minecraft:grass_block":8,"regions_unexplored:maple_leaves":11,"minecraft:spruce_leaves":1,"minecraft:moss_block":1,"minecraft:hay_block":43,"minecraft:diorite_slab":1,"minecraft:raw_iron_block":17,"minecraft:andesite":4,"minecraft:stone":33,"minecraft:iron_block":2,"croptopia:sweetpotato_crop":2,"minecraft:polished_blackstone_brick_wall":2,"biomesoplenty:fir_planks":47,"minecraft:cobblestone":5,"minecraft:cyan_bed":1,"minecraft:oak_planks":1,"minecraft:bricks":1,"minecraft:light_gray_stained_glass":2,"biomesoplenty:fir_log":95,"minecraft:dark_prismarine_slab":1,"minecraft:grass":14,"minecraft:oak_log":17,"minecraft:sand":1,"minecraft:dirt":29,"minecraft:stone_bricks":6},"minecraft:killed_by":{"minecraft:skeleton":5},"minecraft:picked_up":{"minecraft:coarse_dirt":1,"minecraft:wheat":1,"simplehats:hatbag_rare":1,"croptopia:peach":18,"minecraft:leather_leggings":1,"minecraft:stone_brick_wall":1,"minecraft:diorite_slab":1,"regions_unexplored:maple_planks":6,"minecraft:string":2,"regions_unexplored:pine_log":2,"biomesoplenty:fir_planks":26,"minecraft:egg":6,"minecraft:stick":55,"simplehats:hatbag_common":1,"croptopia:greenbean_seed":2,"tombstone:grave_dust":2,"minecraft:stone_sword":1,"minecraft:arrow":8,"minecraft:rotten_flesh":1,"regions_unexplored:maple_sapling":29,"minecraft:hay_block":42,"minecraft:iron_block":2,"minecraft:warped_sign":1,"minecraft:mutton":8,"minecraft:cobblestone":37,"minecraft:white_wool":4,"minecraft:andesite":4,"biomesoplenty:fir_sapling":13,"biomesoplenty:fir_log":111,"minecraft:tuff":15,"minecraft:oak_log":17,"minecraft:cobblestone_stairs":2,"minecraft:dirt":35,"minecraft:bone":2,"minecraft:apple":22,"minecraft:stone_bricks":5,"minecraft:wheat_seeds":6,"minecraft:cooked_chicken":1,"minecraft:oak_planks":2,"regions_unexplored:silver_birch_sapling":1,"quark:light_gray_shard":3,"minecraft:raw_iron_block":17,"minecraft:sand":106,"minecraft:spruce_sapling":1,"minecraft:cyan_bed":1,"minecraft:spider_eye":2,"minecraft:dark_prismarine_slab":1,"regions_unexplored:silver_birch_log":24,"croptopia:greenbean":1,"regions_unexplored:maple_log":75,"minecraft:polished_blackstone_brick_wall":2,"minecraft:bread":1,"minecraft:oak_sapling":10,"minecraft:chorus_fruit":1,"minecraft:bricks":1},"minecraft:broken":{"minecraft:stone_sword":1,"minecraft:leather_leggings":1}},"DataVersion":3465}