{"stats":{"minecraft:killed":{"hordes:zombie_player":3,"minecraft:skeleton":78,"minecraft:chicken":2,"minecraft:drowned":1,"minecraft:pig":3,"naturalist:butterfly":1,"minecraft:zombie":5,"alexsmobs:fly":1,"minecraft:cow":5},"minecraft:custom":{"minecraft:mob_kills":115,"minecraft:interact_with_crafting_table":24,"minecraft:open_barrel":126,"minecraft:interact_with_campfire":10,"minecraft:leave_game":1,"minecraft:time_since_death":16458,"minecraft:climb_one_cm":7496,"minecraft:damage_resisted":117,"minecraft:sprint_one_cm":537887,"minecraft:walk_one_cm":334443,"minecraft:drop":68,"minecraft:sneak_time":6162,"minecraft:play_time":142802,"minecraft:deaths":13,"minecraft:walk_under_water_one_cm":12883,"minecraft:jump":1460,"minecraft:walk_on_water_one_cm":24477,"minecraft:total_world_time":142802,"minecraft:interact_with_furnace":27,"minecraft:sleep_in_bed":6,"minecraft:time_since_rest":16184,"minecraft:damage_taken":7084,"minecraft:damage_absorbed":280,"minecraft:damage_dealt":13219,"minecraft:swim_one_cm":15237,"minecraft:fly_one_cm":414954,"minecraft:open_chest":51,"minecraft:crouch_one_cm":21777,"tombstone:undead_killed":87,"minecraft:fall_one_cm":48942},"minecraft:used":{"minecraft:iron_bars":1,"minecraft:stone_sword":298,"minecraft:stone_shovel":130,"minecraft:chest":2,"minecraft:torch":12,"minecraft:dirt":7,"minecraft:carrot":3,"croptopia:raspberry":1,"minecraft:glass":61,"minecraft:wooden_axe":17,"minecraft:barrel":16,"minecraft:stone_bricks":5,"regions_unexplored:larch_planks":2,"minecraft:furnace":1,"tombstone:gift":2,"minecraft:cooked_beef":4,"minecraft:knowledge_book":127,"minecraft:water_bucket":12,"minecraft:diorite":1,"regions_unexplored:peat_dirt":5,"minecraft:stone_pickaxe":129,"minecraft:blackstone":1,"minecraft:leather_chestplate":1,"minecraft:wooden_pickaxe":21,"biomesoplenty:fir_planks":241,"minecraft:golden_apple":9,"minecraft:crafting_table":2,"minecraft:red_bed":2,"relics:horse_flute":3,"minecraft:apple":1,"minecraft:bread":32,"minecraft:warped_slab":4,"minecraft:stone_axe":78,"minecraft:wooden_sword":43,"minecraft:cobblestone":25,"minecraft:cooked_porkchop":4,"minecraft:andesite":11,"minecraft:bucket":8,"regions_unexplored:larch_sign":2},"minecraft:crafted":{"minecraft:wooden_sword":1,"minecraft:stone_shovel":1,"regions_unexplored:maple_planks":28,"regions_unexplored:larch_planks":224,"minecraft:glass":65,"tombstone:grave_key":1,"minecraft:stone_pickaxe":1,"minecraft:wheat":261,"minecraft:cooked_beef":9,"minecraft:crafting_table":2,"minecraft:wooden_pickaxe":1,"minecraft:stone_axe":1,"minecraft:bread":84,"minecraft:air":0,"biomesoplenty:fir_planks":64,"regions_unexplored:larch_sign":6,"minecraft:shield":1,"minecraft:stick":4,"minecraft:iron_ingot":1,"minecraft:wooden_axe":1,"minecraft:stone_sword":3},"minecraft:dropped":{"minecraft:moss_block":2,"minecraft:birch_planks":1,"minecraft:wheat_seeds":95,"minecraft:lilac":2,"minecraft:feather":8,"minecraft:leather":2,"regions_unexplored:silver_birch_sapling":3,"croptopia:spinach":1,"minecraft:golden_apple":5,"minecraft:cobweb":4,"regions_unexplored:red_maple_sapling":5,"minecraft:dirt":4,"quark:clear_shard":2,"minecraft:diorite":2,"regions_unexplored:orange_maple_sapling":2,"simplehats:partyhat":1,"minecraft:wooden_axe":1,"tombstone:grave_dust":1,"minecraft:sand":105,"minecraft:bucket":2,"minecraft:diorite_slab":1,"simplehats:hatbag_rare":2,"minecraft:coarse_dirt":1,"minecraft:stone_sword":1,"minecraft:mangrove_button":1,"minecraft:andesite_slab":1,"minecraft:tuff":1,"minecraft:composter":1,"minecraft:rotten_flesh":1,"regions_unexplored:maple_sapling":1,"regions_unexplored:larch_sapling":2,"regions_unexplored:silver_birch_log":23,"minecraft:deepslate_bricks":1,"minecraft:leather_chestplate":4,"croptopia:spinach_seed":2,"minecraft:flower_pot":1,"biomesoplenty:fir_planks":2,"minecraft:beef":2,"minecraft:blue_orchid":1,"minecraft:egg":1},"minecraft:mined":{"minecraft:spruce_planks":4,"minecraft:tuff":9,"regions_unexplored:maple_log":26,"minecraft:cobblestone_stairs":1,"minecraft:potted_blue_orchid":1,"minecraft:spruce_trapdoor":6,"minecraft:grass_block":9,"minecraft:spruce_fence":10,"minecraft:deepslate_bricks":14,"regions_unexplored:maple_leaves":2,"minecraft:moss_block":2,"minecraft:composter":1,"minecraft:deepslate_brick_slab":4,"minecraft:hay_block":30,"minecraft:diorite_slab":1,"minecraft:potted_dark_oak_sapling":1,"minecraft:furnace":1,"minecraft:carrots":2,"minecraft:iron_ore":4,"minecraft:barrel":16,"minecraft:andesite":14,"regions_unexplored:larch_leaves":2,"minecraft:cobblestone_slab":1,"minecraft:dirt_path":1,"minecraft:bookshelf":19,"minecraft:iron_bars":2,"minecraft:deepslate_brick_stairs":2,"minecraft:black_candle":1,"regions_unexplored:medium_grass":4,"regions_unexplored:larch_log":57,"minecraft:stone":29,"minecraft:spruce_slab":2,"minecraft:red_bed":2,"minecraft:blackstone":1,"minecraft:deepslate_brick_wall":2,"minecraft:stone_brick_slab":2,"minecraft:torch":6,"biomesoplenty:fir_planks":3,"minecraft:chest":2,"minecraft:andesite_slab":1,"minecraft:campfire":1,"minecraft:spruce_wall_sign":1,"minecraft:glass":1,"minecraft:cobblestone":20,"minecraft:tall_grass":2,"minecraft:diorite":1,"minecraft:wall_torch":5,"minecraft:skeleton_skull":3,"minecraft:spruce_stairs":12,"minecraft:chain":5,"minecraft:birch_planks":1,"minecraft:coarse_dirt":1,"minecraft:wheat":32,"minecraft:lilac":2,"minecraft:stone_brick_stairs":8,"regions_unexplored:red_maple_leaf_pile":1,"minecraft:grass":31,"faded_conquest_2:terrible_tensummon":1,"minecraft:coal_ore":2,"regions_unexplored:peat_dirt":35,"regions_unexplored:silver_birch_log":22,"minecraft:gravel":8,"minecraft:sand":111,"minecraft:dirt":5,"minecraft:spruce_fence_gate":2,"minecraft:stone_bricks":12,"minecraft:warped_slab":6,"minecraft:deepslate":6,"minecraft:fern":1},"minecraft:killed_by":{"minecraft:enderman":1,"minecraft:skeleton":8,"minecraft:zombie":2},"minecraft:picked_up":{"minecraft:coarse_dirt":1,"minecraft:charcoal":2,"minecraft:iron_chestplate":1,"minecraft:wheat":35,"simplehats:hatbag_rare":4,"minecraft:chicken":6,"croptopia:peach":16,"minecraft:flower_pot":2,"minecraft:leather_leggings":2,"minecraft:lead":3,"minecraft:diorite_slab":1,"minecraft:enchanted_book":1,"simplehats:slime_head":1,"regions_unexplored:maple_planks":12,"minecraft:knowledge_book":8,"minecraft:stone_brick_stairs":5,"minecraft:chain":5,"regions_unexplored:red_maple_leaf_pile":2,"minecraft:shield":2,"minecraft:red_bed":2,"croptopia:cantaloupe":2,"regions_unexplored:orange_maple_sapling":2,"minecraft:blackstone":1,"minecraft:blue_orchid":1,"minecraft:cobbled_deepslate":6,"minecraft:bucket":2,"biomesoplenty:fir_planks":3,"minecraft:spruce_planks":4,"minecraft:beef":9,"regions_unexplored:larch_log":56,"minecraft:cobblestone_slab":1,"minecraft:warped_slab":6,"minecraft:iron_nugget":36,"minecraft:chest":2,"minecraft:spruce_trapdoor":6,"minecraft:egg":11,"minecraft:furnace":1,"minecraft:dark_oak_sapling":1,"minecraft:stick":58,"minecraft:raw_iron":12,"simplehats:hatbag_common":10,"minecraft:deepslate_brick_wall":1,"croptopia:greenbean_seed":2,"minecraft:composter":1,"minecraft:torch":8,"minecraft:spruce_stairs":11,"minecraft:spruce_fence":10,"minecraft:porkchop":4,"minecraft:stone_button":2,"tombstone:grave_dust":14,"minecraft:diorite":3,"minecraft:carrot":8,"minecraft:redstone":5,"minecraft:iron_horse_armor":1,"quark:clear_shard":2,"minecraft:rotten_flesh":6,"minecraft:stone_sword":3,"minecraft:arrow":107,"croptopia:cantaloupe_seed":2,"minecraft:stone_shovel":2,"regions_unexplored:maple_sapling":30,"minecraft:deepslate_bricks":2,"croptopia:raspberry_seed":4,"minecraft:hay_block":29,"minecraft:iron_block":2,"tombstone:essence_of_undeath":1,"croptopia:elderberry":1,"minecraft:deepslate_brick_stairs":2,"minecraft:mutton":8,"minecraft:iron_bars":1,"minecraft:skeleton_skull":3,"minecraft:white_wool":1,"minecraft:cobblestone":59,"regions_unexplored:peat_dirt":34,"minecraft:lilac":2,"relics:roller_skates":1,"minecraft:leather_chestplate":4,"minecraft:feather":8,"minecraft:cooked_beef":13,"minecraft:water_bucket":4,"minecraft:andesite":14,"minecraft:leather":4,"simplehats:partyhat":1,"minecraft:potato":8,"minecraft:birch_planks":1,"croptopia:spinach":1,"minecraft:flint":1,"minecraft:tuff":11,"minecraft:oak_log":12,"regions_unexplored:red_maple_sapling":5,"minecraft:cobblestone_stairs":1,"minecraft:dirt":18,"simplehats:hatbag_epic":1,"minecraft:leather_boots":2,"minecraft:bone":108,"minecraft:gray_carpet":2,"minecraft:apple":31,"minecraft:stone_bricks":12,"minecraft:deepslate_brick_slab":3,"minecraft:wheat_seeds":110,"croptopia:raspberry":2,"minecraft:iron_ingot":35,"minecraft:stone_pickaxe":2,"minecraft:cobweb":4,"regions_unexplored:larch_sapling":9,"simplehats:hatbag_uncommon":2,"minecraft:diamond_helmet":1,"minecraft:moss_block":2,"minecraft:oak_planks":4,"regions_unexplored:silver_birch_sapling":3,"minecraft:book":48,"minecraft:black_candle":3,"simplehats:tinkerhat":1,"minecraft:cooked_porkchop":4,"minecraft:sweet_berries":12,"relics:hunter_belt":2,"minecraft:stone_brick_slab":2,"minecraft:raw_iron_block":17,"minecraft:gravel":7,"minecraft:sand":105,"minecraft:spruce_sapling":1,"minecraft:barrel":16,"croptopia:spinach_seed":2,"minecraft:leather_helmet":2,"minecraft:bundle":1,"minecraft:spruce_fence_gate":2,"minecraft:polished_blackstone_pressure_plate":1,"minecraft:stone_axe":1,"minecraft:polished_blackstone_button":1,"regions_unexplored:silver_birch_log":46,"croptopia:greenbean":1,"regions_unexplored:maple_log":91,"minecraft:golden_apple":10,"minecraft:spruce_sign":4,"minecraft:emerald":5,"minecraft:bread":204,"tombstone:magic_scroll":1,"minecraft:andesite_slab":1,"minecraft:coal":2,"minecraft:mangrove_button":1},"minecraft:broken":{"minecraft:leather_helmet":1,"minecraft:stone_sword":1,"minecraft:leather_boots":1,"minecraft:stone_shovel":1}},"DataVersion":3465}