{"stats":{"minecraft:killed":{"minecraft:skeleton":41,"minecraft:pillager":1},"minecraft:killed_by":{"minecraft:skeleton":3},"minecraft:dropped":{"minecraft:stone":5,"relics:roller_skates":1,"minecraft:oak_planks":40,"minecraft:stick":1},"minecraft:used":{"minecraft:knowledge_book":35,"minecraft:stone_brick_slab":3,"minecraft:wooden_axe":7,"relics:horse_flute":3,"minecraft:stone_sword":198,"minecraft:light_gray_concrete":2,"minecraft:spruce_slab":1,"minecraft:bread":14,"minecraft:wooden_pickaxe":9,"minecraft:wooden_sword":328,"minecraft:crafting_table":1},"minecraft:mined":{"minecraft:red_bed":1,"minecraft:stone_brick_slab":2,"minecraft:stone_brick_stairs":1,"minecraft:grass":1,"minecraft:light_gray_concrete":2,"minecraft:smooth_quartz":1,"minecraft:tall_grass":3,"minecraft:stone":2,"minecraft:spruce_slab":1,"minecraft:spawner":1},"minecraft:custom":{"minecraft:time_since_rest":1,"minecraft:interact_with_furnace":1,"minecraft:sprint_one_cm":72323,"minecraft:damage_taken":1628,"minecraft:walk_one_cm":171135,"minecraft:mob_kills":42,"minecraft:drop":8,"tombstone:raider_killed":1,"minecraft:damage_dealt":8135,"minecraft:interact_with_crafting_table":28,"minecraft:fly_one_cm":92877,"minecraft:open_barrel":42,"minecraft:open_chest":7,"minecraft:crouch_one_cm":7148,"minecraft:play_time":51229,"tombstone:undead_killed":41,"minecraft:deaths":3,"minecraft:sneak_time":2594,"minecraft:jump":701,"minecraft:leave_game":1,"minecraft:time_since_death":160,"minecraft:walk_on_water_one_cm":779,"minecraft:sleep_in_bed":3,"minecraft:total_world_time":51229,"minecraft:climb_one_cm":35164,"minecraft:fall_one_cm":10211},"minecraft:broken":{"minecraft:wooden_sword":5,"minecraft:stone_sword":1},"minecraft:crafted":{"minecraft:wooden_sword":6,"minecraft:oak_planks":48,"minecraft:crafting_table":1,"minecraft:stick":16,"minecraft:wooden_pickaxe":1,"minecraft:wooden_axe":1,"minecraft:stone_sword":2,"minecraft:stone_button":3},"minecraft:picked_up":{"relics:roller_skates":1,"simplehats:hatbag_rare":1,"simplehats:hatbag_common":1,"minecraft:stone_brick_slab":3,"minecraft:knowledge_book":4,"minecraft:stone_brick_stairs":2,"minecraft:chainmail_chestplate":1,"minecraft:redstone":1,"minecraft:bundle":1,"minecraft:bone":13,"minecraft:light_gray_concrete":3,"minecraft:arrow":29,"minecraft:bread":14,"minecraft:spruce_slab":1,"minecraft:oak_planks":40,"minecraft:cobblestone":1}},"DataVersion":3465}