{
  "more_vanilla:astart": {
    "criteria": {
      "astart_0": "2024-07-28 00:50:01 +0000"
    },
    "done": true
  },
  "travelersbackpack:standard_from_custom": {
    "criteria": {
      "has_the_recipe": "2024-07-28 00:50:01 +0000"
    },
    "done": true
  },
  "takesapillage:root": {
    "criteria": {
      "always": "2024-07-28 00:50:03 +0000"
    },
    "done": true
  },
  "stellarity:dragons_den/cursed_tome/root": {
    "criteria": {
      "requirement": "2024-07-28 00:50:03 +0000"
    },
    "done": true
  },
  "dungeons_arise:wda_root": {
    "criteria": {
      "WDA": "2024-07-28 00:50:03 +0000"
    },
    "done": true
  },
  "stellarity:cursed_tome/root": {
    "criteria": {
      "requirement": "2024-07-28 00:50:03 +0000"
    },
    "done": true
  },
  "faded_conquest_2:faded_2": {
    "criteria": {
      "faded_2_0": "2024-07-28 00:50:03 +0000"
    },
    "done": true
  },
  "stellarity:story/drop_rare_illager_loot": {
    "criteria": {
      "drop5": "2024-07-28 00:50:04 +0000",
      "drop4": "2024-07-28 00:50:04 +0000"
    },
    "done": true
  },
  "stellarity:cursed_tome/spellbooks/conveyance": {
    "criteria": {
      "requirement": "2024-07-28 00:50:04 +0000"
    },
    "done": true
  },
  "stellarity:cursed_tome/spellbooks/updraft": {
    "criteria": {
      "requirement": "2024-07-28 00:50:04 +0000"
    },
    "done": true
  },
  "stellarity:cursed_tome/spellbooks/light": {
    "criteria": {
      "requirement": "2024-07-28 00:50:04 +0000"
    },
    "done": true
  },
  "stellarity:dragons_den/cursed_tome/items/spellbooks/unlock_conveyance": {
    "criteria": {
      "requirement": "2024-07-28 00:50:04 +0000"
    },
    "done": true
  },
  "stellarity:cursed_tome/spellbooks/natures_wrath": {
    "criteria": {
      "requirement": "2024-07-28 00:50:04 +0000"
    },
    "done": true
  },
  "stellarity:dragons_den/cursed_tome/items/spellbooks/unlock_updraft": {
    "criteria": {
      "requirement": "2024-07-28 00:50:04 +0000"
    },
    "done": true
  },
  "stellarity:dragons_den/cursed_tome/items/spellbooks/unlock_light": {
    "criteria": {
      "requirement": "2024-07-28 00:50:04 +0000"
    },
    "done": true
  },
  "regions_unexplored:regions_explored": {
    "criteria": {
      "autumnal_maple_forest": "2024-07-28 00:50:09 +0000",
      "muddy_river": "2024-07-28 05:55:44 +0000",
      "redstone_caves": "2024-07-28 01:01:21 +0000",
      "maple_forest": "2024-07-28 05:54:37 +0000",
      "boreal_forest": "2024-07-28 06:30:34 +0000",
      "towering_cliffs": "2024-07-28 00:50:44 +0000",
      "cold_river": "2024-07-28 01:03:00 +0000"
    },
    "done": false
  },
  "regions_unexplored:pioneer": {
    "criteria": {
      "autumnal_maple_forest": "2024-07-28 00:50:09 +0000",
      "muddy_river": "2024-07-28 05:55:44 +0000",
      "maple_forest": "2024-07-28 05:54:37 +0000",
      "boreal_forest": "2024-07-28 06:30:34 +0000",
      "towering_cliffs": "2024-07-28 00:50:44 +0000",
      "cold_river": "2024-07-28 01:03:00 +0000"
    },
    "done": false
  },
  "tombstone:adventure/root": {
    "criteria": {
      "auto": "2024-07-28 00:50:09 +0000"
    },
    "done": true
  },
  "regions_unexplored:parent": {
    "criteria": {
      "load_in_world": "2024-07-28 00:50:09 +0000"
    },
    "done": true
  },
  "regions_unexplored:got_wood": {
    "criteria": {
      "larch_log": "2024-07-28 06:43:29 +0000",
      "pine_log": "2024-07-28 00:51:02 +0000",
      "silver_birch_log": "2024-07-28 00:58:16 +0000",
      "maple_log": "2024-07-28 00:52:26 +0000"
    },
    "done": false
  },
  "minecraft:story/root": {
    "criteria": {
      "crafting_table": "2024-07-28 00:51:39 +0000"
    },
    "done": true
  },
  "dungeons_arise:find_abandoned_temple": {
    "criteria": {
      "location0": "2024-07-28 00:55:47 +0000"
    },
    "done": true
  },
  "minecraft:story/mine_stone": {
    "criteria": {
      "get_stone": "2024-07-28 00:56:05 +0000"
    },
    "done": true
  },
  "minecraft:story/upgrade_tools": {
    "criteria": {
      "stone_pickaxe": "2024-07-28 00:57:18 +0000"
    },
    "done": true
  },
  "stellarity:events/on_death": {
    "criteria": {
      "requirement": "2024-07-28 00:59:41 +0000"
    },
    "done": true
  },
  "tombstone:adventure/first_grave": {
    "criteria": {
      "coded_trigger": "2024-07-28 00:59:41 +0000"
    },
    "done": true
  },
  "minecraft:adventure/root": {
    "criteria": {
      "killed_by_something": "2024-07-28 00:59:41 +0000"
    },
    "done": true
  },
  "tombstone:recipes/from_grave_key": {
    "criteria": {
      "has_ingredient": "2024-07-28 00:59:48 +0000"
    },
    "done": true
  },
  "tombstone:adventure/cancel_ghostly_shape": {
    "criteria": {
      "coded_trigger": "2024-07-28 01:00:09 +0000"
    },
    "done": true
  },
  "regions_unexplored:spelunker": {
    "criteria": {
      "redstone_caves": "2024-07-28 01:01:21 +0000"
    },
    "done": false
  },
  "dungeons_arise:find_greenwood_pub": {
    "criteria": {
      "location0": "2024-07-28 01:01:41 +0000"
    },
    "done": true
  },
  "minecraft:husbandry/balanced_diet": {
    "criteria": {
      "cooked_porkchop": "2024-07-28 01:09:00 +0000",
      "cooked_mutton": "2024-07-28 22:02:13 +0000",
      "cooked_beef": "2024-07-28 01:10:58 +0000",
      "chorus_fruit": "2024-07-28 06:18:42 +0000",
      "apple": "2024-07-28 01:14:18 +0000",
      "potato": "2024-07-28 01:05:10 +0000",
      "pumpkin_pie": "2024-07-28 06:31:27 +0000",
      "bread": "2024-07-28 01:06:06 +0000",
      "golden_apple": "2024-07-28 01:18:07 +0000",
      "cookie": "2024-07-28 06:13:42 +0000",
      "suspicious_stew": "2024-07-28 21:36:27 +0000",
      "cooked_salmon": "2024-07-28 06:14:07 +0000",
      "carrot": "2024-07-28 05:57:20 +0000"
    },
    "done": false
  },
  "minecraft:husbandry/root": {
    "criteria": {
      "consumed_item": "2024-07-28 01:05:10 +0000"
    },
    "done": true
  },
  "minecraft:adventure/kill_all_mobs": {
    "criteria": {
      "minecraft:skeleton": "2024-07-28 01:08:14 +0000",
      "minecraft:ghast": "2024-07-28 06:02:40 +0000",
      "minecraft:spider": "2024-07-28 01:11:20 +0000",
      "minecraft:creeper": "2024-07-28 01:12:31 +0000",
      "minecraft:wither_skeleton": "2024-07-28 05:56:57 +0000",
      "minecraft:zombie": "2024-07-28 01:08:32 +0000"
    },
    "done": false
  },
  "minecraft:adventure/kill_a_mob": {
    "criteria": {
      "minecraft:skeleton": "2024-07-28 01:08:14 +0000"
    },
    "done": true
  },
  "minecraft:adventure/adventuring_time": {
    "criteria": {
      "minecraft:river": "2024-07-28 01:15:28 +0000",
      "minecraft:forest": "2024-07-28 01:20:16 +0000",
      "minecraft:windswept_gravelly_hills": "2024-07-28 01:11:17 +0000",
      "minecraft:plains": "2024-07-28 01:13:56 +0000"
    },
    "done": false
  },
  "croptopia:gather_all": {
    "criteria": {
      "sweetpotato_seed": "2024-07-28 01:19:47 +0000",
      "bellpepper_seed": "2024-07-28 06:57:36 +0000",
      "greenbean_seed": "2024-07-28 01:18:54 +0000",
      "kale_seed": "2024-07-28 06:50:49 +0000",
      "raspberry_seed": "2024-07-28 21:26:30 +0000",
      "blackberry_seed": "2024-07-28 18:20:32 +0000",
      "mustard_seed": "2024-07-28 06:50:49 +0000",
      "currant_seed": "2024-07-28 06:36:32 +0000"
    },
    "done": false
  },
  "croptopia:getseeds": {
    "criteria": {
      "has_seeds": "2024-07-28 01:18:54 +0000"
    },
    "done": true
  },
  "croptopia:gather_plains": {
    "criteria": {
      "greenbean_seed": "2024-07-28 01:18:54 +0000",
      "sweetpotato_seed": "2024-07-28 01:19:47 +0000",
      "bellpepper_seed": "2024-07-28 06:57:36 +0000",
      "mustard_seed": "2024-07-28 06:50:49 +0000",
      "kale_seed": "2024-07-28 06:50:49 +0000"
    },
    "done": false
  },
  "tombstone:recipes/from_grave_dust": {
    "criteria": {
      "has_ingredient": "2024-07-28 01:19:53 +0000"
    },
    "done": true
  },
  "biomesoplenty:biomesoplenty/root": {
    "criteria": {
      "coniferous_forest": "2024-07-28 01:23:51 +0000"
    },
    "done": true
  },
  "biomesoplenty:biomesoplenty/all_biomes": {
    "criteria": {
      "highland": "2024-07-28 06:05:38 +0000",
      "wetland": "2024-07-28 18:39:26 +0000",
      "field": "2024-07-28 06:30:33 +0000",
      "bog": "2024-07-28 06:10:24 +0000",
      "coniferous_forest": "2024-07-28 01:23:51 +0000",
      "seasonal_orchard": "2024-07-28 06:02:36 +0000",
      "seasonal_forest": "2024-07-28 05:56:23 +0000",
      "pumpkin_patch": "2024-07-28 06:30:15 +0000"
    },
    "done": false
  },
  "dungeons_arise:find_bathhouse": {
    "criteria": {
      "location0": "2024-07-28 01:24:18 +0000"
    },
    "done": true
  },
  "minecraft:nether/return_to_sender": {
    "criteria": {
      "killed_ghast": "2024-07-28 06:02:40 +0000"
    },
    "done": true
  },
  "minecraft:nether/uneasy_alliance": {
    "criteria": {
      "killed_ghast": "2024-07-28 06:02:40 +0000"
    },
    "done": true
  },
  "croptopia:gather_forest": {
    "criteria": {
      "blackberry_seed": "2024-07-28 18:20:32 +0000",
      "radish_seed": "2024-07-28 06:04:35 +0000",
      "raspberry_seed": "2024-07-28 21:26:30 +0000"
    },
    "done": false
  },
  "dungeons_enhanced:ambitious_explorer": {
    "criteria": {
      "entered_tower_of_the_undead": "2024-07-28 06:10:30 +0000",
      "entered_stables": "2024-07-28 21:28:54 +0000"
    },
    "done": false
  },
  "dungeons_enhanced:root": {
    "criteria": {
      "entered_tower_of_the_undead": "2024-07-28 06:10:30 +0000"
    },
    "done": true
  },
  "stellarity:husbandry/eat_chorus_fruit": {
    "criteria": {
      "eat_chorus_fruit": "2024-07-28 06:18:42 +0000"
    },
    "done": true
  },
  "minecraft:story/obtain_armor": {
    "criteria": {
      "iron_chestplate": "2024-07-28 06:18:59 +0000"
    },
    "done": true
  },
  "minecraft:adventure/sleep_in_bed": {
    "criteria": {
      "slept_in_bed": "2024-07-28 06:27:26 +0000"
    },
    "done": true
  },
  "tombstone:adventure/find_grave_dust": {
    "criteria": {
      "from_undead": "2024-07-28 06:31:32 +0000"
    },
    "done": true
  },
  "tombstone:adventure/first_knowledge": {
    "criteria": {
      "coded_trigger": "2024-07-28 06:31:32 +0000"
    },
    "done": true
  },
  "tombstone:adventure/ashes_and_bones": {
    "criteria": {
      "coded_trigger": "2024-07-28 06:31:48 +0000"
    },
    "done": true
  },
  "alexsmobs:alexsmobs/tigers_blessing": {
    "criteria": {
      "all_effects": "2024-07-28 06:35:59 +0000"
    },
    "done": true
  },
  "tombstone:adventure/bone_crusher": {
    "criteria": {
      "coded_trigger": "2024-07-28 06:36:02 +0000"
    },
    "done": true
  },
  "croptopia:gather_jungle": {
    "criteria": {
      "peanut_seed": "2024-07-28 06:36:32 +0000"
    },
    "done": false
  },
  "croptopia:gather_swamp": {
    "criteria": {
      "currant_seed": "2024-07-28 06:36:32 +0000"
    },
    "done": false
  },
  "call_of_yucutan:obtain_pepper_seeds": {
    "criteria": {
      "obtain_pepper_seeds_0": "2024-07-28 06:36:32 +0000"
    },
    "done": true
  },
  "stellarity:cursed_tome/sabrewing": {
    "criteria": {
      "requirement": "2024-07-28 06:37:24 +0000"
    },
    "done": true
  },
  "stellarity:dragons_den/cursed_tome/items/unlock_sabrewing": {
    "criteria": {
      "requirement": "2024-07-28 06:37:24 +0000"
    },
    "done": true
  },
  "minecraft:story/smelt_iron": {
    "criteria": {
      "iron": "2024-07-28 07:00:17 +0000"
    },
    "done": true
  },
  "minecraft:story/deflect_arrow": {
    "criteria": {
      "deflected_projectile": "2024-07-28 07:05:40 +0000"
    },
    "done": true
  },
  "minecraft:adventure/shoot_arrow": {
    "criteria": {
      "shot_arrow": "2024-07-28 08:03:54 +0000"
    },
    "done": true
  },
  "tombstone:adventure/strong_or_careful": {
    "criteria": {
      "coded_trigger": "2024-07-28 08:04:24 +0000"
    },
    "done": true
  },
  "minecraft:story/iron_tools": {
    "criteria": {
      "iron_pickaxe": "2024-07-28 08:05:20 +0000"
    },
    "done": true
  },
  "croptopia:knife": {
    "criteria": {
      "knife": "2024-07-28 08:18:27 +0000"
    },
    "done": true
  },
  "dungeons_arise:find_small_blimp": {
    "criteria": {
      "location0": "2024-07-28 18:38:33 +0000"
    },
    "done": true
  },
  "deep_dark_regrowth:unbreaking_one_million": {
    "criteria": {
      "unbreaking_one_million": "2024-07-28 21:59:45 +0000"
    },
    "done": true
  },
  "alexsmobs:alexsmobs/orcas_might": {
    "criteria": {
      "all_effects": "2024-07-28 22:36:57 +0000"
    },
    "done": true
  },
  "minecraft:end/levitate": {
    "criteria": {
      "levitated": "2024-07-28 21:38:43 +0000"
    },
    "done": true
  },
  "tombstone:adventure/chain_death": {
    "criteria": {
      "coded_trigger": "2024-07-28 21:34:57 +0000"
    },
    "done": true
  },
  "minecraft:story/mine_diamond": {
    "criteria": {
      "diamond": "2024-07-28 21:26:35 +0000"
    },
    "done": true
  },
  "supplementaries:husbandry/sus_stew": {
    "criteria": {
      "stew": "2024-07-28 21:36:27 +0000"
    },
    "done": true
  },
  "DataVersion": 3465
}