{
  "takesapillage:root": {
    "criteria": {
      "always": "2024-07-27 19:51:00 -0500"
    },
    "done": true
  },
  "minecraft:story/obtain_armor": {
    "criteria": {
      "iron_chestplate": "2024-07-27 21:06:08 -0500"
    },
    "done": true
  },
  "stellarity:dragons_den/cursed_tome/root": {
    "criteria": {
      "requirement": "2024-07-27 19:51:00 -0500"
    },
    "done": true
  },
  "more_vanilla:astart": {
    "criteria": {
      "astart_0": "2024-07-27 19:50:59 -0500"
    },
    "done": true
  },
  "stellarity:events/on_death": {
    "criteria": {
      "requirement": "2024-07-27 19:57:06 -0500"
    },
    "done": true
  },
  "dungeons_arise:wda_root": {
    "criteria": {
      "WDA": "2024-07-27 19:51:00 -0500"
    },
    "done": true
  },
  "croptopia:gather_forest": {
    "criteria": {
      "cantaloupe_seed": "2024-07-27 20:38:50 -0500",
      "spinach_seed": "2024-07-27 20:38:43 -0500",
      "raspberry_seed": "2024-07-27 20:43:41 -0500"
    },
    "done": false
  },
  "minecraft:end/levitate": {
    "criteria": {
      "levitated": "2024-07-27 20:13:02 -0500"
    },
    "done": true
  },
  "dungeons_arise:find_abandoned_temple": {
    "criteria": {
      "location0": "2024-07-27 19:55:45 -0500"
    },
    "done": true
  },
  "tombstone:adventure/bone_crusher": {
    "criteria": {
      "coded_trigger": "2024-07-27 21:52:49 -0500"
    },
    "done": true
  },
  "tombstone:adventure/find_grave_dust": {
    "criteria": {
      "from_undead": "2024-07-27 21:38:13 -0500"
    },
    "done": true
  },
  "tombstone:recipes/from_grave_key": {
    "criteria": {
      "has_ingredient": "2024-07-27 19:57:07 -0500"
    },
    "done": true
  },
  "regions_unexplored:regions_explored": {
    "criteria": {
      "fen": "2024-07-27 20:23:52 -0500",
      "autumnal_maple_forest": "2024-07-27 19:51:03 -0500",
      "muddy_river": "2024-07-27 20:35:04 -0500",
      "maple_forest": "2024-07-27 20:25:23 -0500",
      "magnolia_highlands": "2024-07-27 20:28:36 -0500",
      "boreal_forest": "2024-07-27 20:35:17 -0500",
      "towering_cliffs": "2024-07-27 19:52:51 -0500",
      "temperate_grove": "2024-07-27 20:28:35 -0500"
    },
    "done": false
  },
  "tombstone:adventure/first_grave": {
    "criteria": {
      "coded_trigger": "2024-07-27 19:57:06 -0500"
    },
    "done": true
  },
  "stellarity:story/drop_rare_illager_loot": {
    "criteria": {
      "drop5": "2024-07-27 19:51:00 -0500",
      "drop4": "2024-07-27 19:51:00 -0500"
    },
    "done": true
  },
  "minecraft:story/mine_stone": {
    "criteria": {
      "get_stone": "2024-07-27 19:55:50 -0500"
    },
    "done": true
  },
  "stellarity:cursed_tome/spellbooks/conveyance": {
    "criteria": {
      "requirement": "2024-07-27 19:51:00 -0500"
    },
    "done": true
  },
  "minecraft:story/upgrade_tools": {
    "criteria": {
      "stone_pickaxe": "2024-07-27 20:04:10 -0500"
    },
    "done": true
  },
  "stellarity:adventure/anger_enderman": {
    "criteria": {
      "anger_enderman": "2024-07-27 20:45:38 -0500"
    },
    "done": true
  },
  "biomesoplenty:biomesoplenty/root": {
    "criteria": {
      "fir_clearing": "2024-07-27 20:34:33 -0500"
    },
    "done": true
  },
  "stellarity:cursed_tome/root": {
    "criteria": {
      "requirement": "2024-07-27 19:51:00 -0500"
    },
    "done": true
  },
  "faded_conquest_2:faded_2": {
    "criteria": {
      "faded_2_0": "2024-07-27 19:51:00 -0500"
    },
    "done": true
  },
  "minecraft:story/smelt_iron": {
    "criteria": {
      "iron": "2024-07-27 20:10:40 -0500"
    },
    "done": true
  },
  "minecraft:story/shiny_gear": {
    "criteria": {
      "diamond_helmet": "2024-07-27 21:28:39 -0500"
    },
    "done": true
  },
  "croptopia:gather_all": {
    "criteria": {
      "cantaloupe_seed": "2024-07-27 20:38:50 -0500",
      "greenbean_seed": "2024-07-27 21:17:01 -0500",
      "raspberry_seed": "2024-07-27 20:43:41 -0500",
      "spinach_seed": "2024-07-27 20:38:43 -0500"
    },
    "done": false
  },
  "stellarity:cursed_tome/spellbooks/updraft": {
    "criteria": {
      "requirement": "2024-07-27 19:51:00 -0500"
    },
    "done": true
  },
  "stellarity:cursed_tome/spellbooks/light": {
    "criteria": {
      "requirement": "2024-07-27 19:51:00 -0500"
    },
    "done": true
  },
  "regions_unexplored:pioneer": {
    "criteria": {
      "fen": "2024-07-27 20:23:52 -0500",
      "autumnal_maple_forest": "2024-07-27 19:51:03 -0500",
      "muddy_river": "2024-07-27 20:35:04 -0500",
      "maple_forest": "2024-07-27 20:25:23 -0500",
      "magnolia_highlands": "2024-07-27 20:28:36 -0500",
      "boreal_forest": "2024-07-27 20:35:17 -0500",
      "towering_cliffs": "2024-07-27 19:52:51 -0500",
      "temperate_grove": "2024-07-27 20:28:35 -0500"
    },
    "done": false
  },
  "biomesoplenty:biomesoplenty/all_biomes": {
    "criteria": {
      "highland": "2024-07-27 20:36:36 -0500",
      "field": "2024-07-27 21:25:39 -0500",
      "coniferous_forest": "2024-07-27 20:34:44 -0500",
      "seasonal_orchard": "2024-07-27 20:36:28 -0500",
      "seasonal_forest": "2024-07-27 20:35:46 -0500",
      "fir_clearing": "2024-07-27 20:34:33 -0500",
      "pumpkin_patch": "2024-07-27 20:35:59 -0500"
    },
    "done": false
  },
  "minecraft:adventure/sleep_in_bed": {
    "criteria": {
      "slept_in_bed": "2024-07-27 20:04:46 -0500"
    },
    "done": true
  },
  "minecraft:adventure/root": {
    "criteria": {
      "killed_by_something": "2024-07-27 19:57:06 -0500"
    },
    "done": true
  },
  "minecraft:adventure/kill_all_mobs": {
    "criteria": {
      "minecraft:skeleton": "2024-07-27 19:58:24 -0500",
      "minecraft:zombie": "2024-07-27 20:08:50 -0500",
      "minecraft:drowned": "2024-07-27 20:43:22 -0500"
    },
    "done": false
  },
  "croptopia:getseeds": {
    "criteria": {
      "has_seeds": "2024-07-27 20:38:50 -0500"
    },
    "done": true
  },
  "travelersbackpack:standard_from_custom": {
    "criteria": {
      "has_the_recipe": "2024-07-27 19:50:59 -0500"
    },
    "done": true
  },
  "stellarity:dragons_den/cursed_tome/items/spellbooks/unlock_conveyance": {
    "criteria": {
      "requirement": "2024-07-27 19:51:00 -0500"
    },
    "done": true
  },
  "croptopia:gather_plains": {
    "criteria": {
      "greenbean_seed": "2024-07-27 21:17:01 -0500"
    },
    "done": false
  },
  "tombstone:adventure/teleport_to_grave": {
    "criteria": {
      "coded_trigger": "2024-07-27 21:28:12 -0500"
    },
    "done": true
  },
  "stellarity:cursed_tome/spellbooks/natures_wrath": {
    "criteria": {
      "requirement": "2024-07-27 19:51:00 -0500"
    },
    "done": true
  },
  "minecraft:adventure/kill_a_mob": {
    "criteria": {
      "minecraft:skeleton": "2024-07-27 19:58:24 -0500"
    },
    "done": true
  },
  "tombstone:recipes/from_grave_dust": {
    "criteria": {
      "has_ingredient": "2024-07-27 21:17:01 -0500"
    },
    "done": true
  },
  "minecraft:adventure/adventuring_time": {
    "criteria": {
      "minecraft:river": "2024-07-27 20:34:31 -0500",
      "minecraft:forest": "2024-07-27 20:25:18 -0500",
      "minecraft:windswept_gravelly_hills": "2024-07-27 20:03:44 -0500",
      "minecraft:plains": "2024-07-27 20:25:07 -0500"
    },
    "done": false
  },
  "stellarity:dragons_den/cursed_tome/items/spellbooks/unlock_updraft": {
    "criteria": {
      "requirement": "2024-07-27 19:51:00 -0500"
    },
    "done": true
  },
  "tombstone:adventure/cancel_ghostly_shape": {
    "criteria": {
      "coded_trigger": "2024-07-27 19:57:43 -0500"
    },
    "done": true
  },
  "tombstone:adventure/chain_death": {
    "criteria": {
      "coded_trigger": "2024-07-27 21:42:29 -0500"
    },
    "done": true
  },
  "minecraft:husbandry/balanced_diet": {
    "criteria": {
      "cooked_porkchop": "2024-07-27 20:09:13 -0500",
      "cooked_beef": "2024-07-27 20:16:20 -0500",
      "apple": "2024-07-27 20:02:23 -0500",
      "bread": "2024-07-27 20:13:44 -0500",
      "golden_apple": "2024-07-27 20:18:11 -0500",
      "carrot": "2024-07-27 20:06:44 -0500"
    },
    "done": false
  },
  "minecraft:husbandry/root": {
    "criteria": {
      "consumed_item": "2024-07-27 20:02:23 -0500"
    },
    "done": true
  },
  "tombstone:adventure/enchant_grave_key": {
    "criteria": {
      "has_upgraded_grave_key": "2024-07-27 21:28:04 -0500"
    },
    "done": true
  },
  "tombstone:adventure/first_knowledge": {
    "criteria": {
      "coded_trigger": "2024-07-27 21:23:03 -0500"
    },
    "done": true
  },
  "tombstone:adventure/ashes_and_bones": {
    "criteria": {
      "coded_trigger": "2024-07-27 21:23:03 -0500"
    },
    "done": true
  },
  "regions_unexplored:got_wood": {
    "criteria": {
      "larch_log": "2024-07-27 21:45:20 -0500",
      "silver_birch_log": "2024-07-27 19:52:38 -0500",
      "maple_log": "2024-07-27 19:51:39 -0500"
    },
    "done": false
  },
  "tombstone:adventure/root": {
    "criteria": {
      "auto": "2024-07-27 19:51:03 -0500"
    },
    "done": true
  },
  "stellarity:dragons_den/cursed_tome/items/spellbooks/unlock_light": {
    "criteria": {
      "requirement": "2024-07-27 19:51:00 -0500"
    },
    "done": true
  },
  "stellarity:story/obtain_an_ender_pearl": {
    "criteria": {
      "criteria": "2024-07-27 21:27:58 -0500"
    },
    "done": true
  },
  "minecraft:story/root": {
    "criteria": {
      "crafting_table": "2024-07-27 20:40:21 -0500"
    },
    "done": true
  },
  "regions_unexplored:parent": {
    "criteria": {
      "load_in_world": "2024-07-27 19:51:03 -0500"
    },
    "done": true
  },
  "DataVersion": 3465
}